{
  "waypoints": [
    [
      195.0,
      -2.449293598294706e-15,
      70.0
    ],
    [
      104.7030704106901,
      149.53148130680637,
      79.58498095864212
    ],
    [
      104.0,
      150.0,
      100.0
    ]
  ],
  "dh_parameters": [
    [
      0,
      30,
      0,
      -90
    ],
    [
      -90,
      0,
      160,
      0
    ],
    [
      90,
      0,
      140,
      0
    ],
    [
      90,
      0,
      120,
      0
    ],
    [
      -90,
      0,
      55,
      0
    ]
  ]
}